{"cameraMode":{"drawMode":0,"name":"Shaded","section":"Shading Mode"},"sceneLighting":true,"audioPlay":false,"sceneViewState":{"showFog":true,"showMaterialUpdate":false,"showSkybox":true,"showFlares":true,"showImageEffects":true,"showParticleSystems":true},"in2DMode":false,"pivot":{"x":0.017830733209848405,"y":1.055686116218567,"z":-10.065046310424805},"rotation":{"x":-0.0011257263831794263,"y":-0.9977496862411499,"z":0.06475485116243363,"w":-0.017356885597109796},"size":2.1452343463897707,"orthographic":false}