{"cameraMode":{"drawMode":0,"name":"Shaded","section":"Shading Mode"},"sceneLighting":false,"audioPlay":false,"sceneViewState":{"showFog":true,"showMaterialUpdate":false,"showSkybox":true,"showFlares":true,"showImageEffects":true,"showParticleSystems":true},"in2DMode":false,"pivot":{"x":2.0199999809265138,"y":2.140000104904175,"z":-0.690000057220459},"rotation":{"x":-0.029645780101418496,"y":0.2074812799692154,"z":-0.00628779549151659,"w":-0.9777694344520569},"size":2.8578836917877199,"orthographic":false}